Setup Name:,WGFMU 8 pulses 5V 2uS 1uS up/down 6uS 0.1V rest with probes connected to different pads: no circuit,,,,,,,,,
Date:,3-Sep-26,,,,,,,,,
D131 SA10 D29,,,,,,,,,,
Time,Voltage,Current,,,,,,,,Average over 8 cycles
0.000100005,0.103601001,-3.01313E-09,-6.54634E-09,-1.78526E-08,1.11197E-08,6.17322E-09,-1.59985E-09,5.46657E-09,-4.42642E-09,-1.33486E-09
0.000100105,0.568280339,-7.72106E-08,-6.30777E-08,-6.73176E-08,-5.81312E-08,-8.07438E-08,-7.72106E-08,-4.96515E-08,-5.88379E-08,-6.65226E-08
0.000100205,1.055421591,-1.96633E-07,-1.8038E-07,-2.00873E-07,-1.74021E-07,-1.59181E-07,-1.67661E-07,-1.74021E-07,-1.79674E-07,-1.79055E-07
0.000100305,1.544668555,-2.38325E-07,-2.70124E-07,-2.43978E-07,-2.41151E-07,-2.63764E-07,-2.50338E-07,-2.54578E-07,-2.7507E-07,-2.54666E-07
0.000100405,2.034266472,-2.99803E-07,-2.8779E-07,-2.89203E-07,-3.07576E-07,-3.13229E-07,-3.04749E-07,-3.00509E-07,-2.99096E-07,-3.00244E-07
0.000100505,2.525268316,-3.23829E-07,-3.28775E-07,-3.42201E-07,-3.44321E-07,-3.11109E-07,-3.25949E-07,-3.39375E-07,-3.35842E-07,-3.31425E-07
0.000100605,3.011707783,-3.64107E-07,-3.55628E-07,-3.79653E-07,-3.43615E-07,-3.34428E-07,-3.43615E-07,-3.66227E-07,-3.70467E-07,-3.57217E-07
0.000100705,3.504113436,-3.72587E-07,-3.6976E-07,-3.57747E-07,-3.77533E-07,-3.6976E-07,-3.61987E-07,-3.44321E-07,-3.59161E-07,-3.64107E-07
0.000100805,3.993360519,-3.85306E-07,-3.7188E-07,-3.7612E-07,-3.72587E-07,-3.70467E-07,-3.42201E-07,-4.02266E-07,-3.68347E-07,-3.73647E-07
0.000100905,4.483660221,-3.93786E-07,-3.79653E-07,-3.70467E-07,-3.846E-07,-3.79653E-07,-3.74E-07,-3.7824E-07,-3.9308E-07,-3.81685E-07
0.000101005,4.971152306,-3.88133E-07,-3.93786E-07,-4.12866E-07,-3.83187E-07,-4.01559E-07,-3.90253E-07,-3.76827E-07,-3.8884E-07,-3.91931E-07
0.000101105,4.996773243,-3.08282E-07,-3.01923E-07,-3.47854E-07,-3.33722E-07,-3.21002E-07,-3.45028E-07,-3.26655E-07,-3.02629E-07,-3.23387E-07
0.000101205,4.998528004,-2.06526E-07,-2.43978E-07,-2.17126E-07,-2.28432E-07,-2.12886E-07,-2.20659E-07,-2.36205E-07,-2.18539E-07,-2.23044E-07
0.000101305,4.998878956,-1.40808E-07,-1.49995E-07,-1.45048E-07,-1.37982E-07,-1.39395E-07,-1.47875E-07,-1.23849E-07,-1.52821E-07,-1.42222E-07
0.000101405,4.999229908,-1.01943E-07,-9.98231E-08,-9.55832E-08,-8.78102E-08,-1.04063E-07,-8.35703E-08,-7.08508E-08,-1.03356E-07,-9.3375E-08
0.000101505,4.999931812,-5.03582E-08,-6.09578E-08,-5.24781E-08,-4.89449E-08,-6.73176E-08,-6.80242E-08,-5.88379E-08,-5.74246E-08,-5.80429E-08
0.000101605,4.999931812,-4.04652E-08,-4.04652E-08,-1.85593E-08,-3.76386E-08,-5.67179E-08,-4.75316E-08,-4.61183E-08,-6.80242E-08,-4.444E-08
0.000101705,5.000633717,-1.57327E-08,-1.99725E-08,6.17322E-09,-4.04652E-08,-3.90519E-08,-2.56257E-08,-3.26921E-08,-2.63323E-08,-2.42124E-08
0.000101805,5.000282764,-3.97585E-08,-3.05722E-08,1.22672E-09,-3.71977E-09,-4.42642E-09,-2.42124E-08,-2.35058E-08,-6.54634E-09,-1.64393E-08
0.000101905,5.000984669,-2.84522E-08,-1.57327E-08,-2.13858E-08,-2.98655E-08,-9.37291E-09,-1.78526E-08,-2.7039E-08,-1.29061E-08,-2.03259E-08
0.000102005,4.998878956,-1.00796E-08,-1.86564E-10,-7.95963E-09,-3.19855E-08,-1.21995E-08,-2.63323E-08,1.93336E-09,-7.25298E-09,-1.17578E-08
0.000102105,5.001335621,-5.13306E-09,-1.59985E-09,-3.62253E-08,8.99978E-09,-1.78526E-08,-1.85593E-08,-8.93206E-10,2.64E-09,-8.57794E-09
0.000102205,5.001686573,-2.4919E-08,-1.86564E-10,-7.25298E-09,1.32396E-08,-1.5026E-08,-1.5026E-08,4.05329E-09,-7.25298E-09,-6.54634E-09
0.000102305,5.002388477,4.05329E-09,-1.92659E-08,-1.07862E-08,-3.71977E-09,-1.86564E-10,4.05329E-09,-8.93206E-10,-8.66627E-09,-4.42642E-09
0.000102405,5.001335621,3.34665E-09,-1.64393E-08,-4.42642E-09,-1.7146E-08,-7.95963E-09,-5.8397E-09,8.29314E-09,-1.00796E-08,-6.28135E-09
0.000102505,5.000282764,6.17322E-09,-2.06792E-08,-9.37291E-09,-8.93206E-10,1.67728E-08,-5.8397E-09,2.38393E-08,6.17322E-09,2.02169E-09
0.000102605,4.999931812,4.05329E-09,1.67728E-08,-1.86564E-10,-7.95963E-09,1.32396E-08,-9.37291E-09,-1.5026E-08,6.87986E-09,1.05006E-09
0.000102705,5.002037525,-1.21995E-08,2.94924E-08,-5.8397E-09,-1.59985E-09,1.53596E-08,1.93336E-09,8.29314E-09,1.32396E-08,6.08488E-09
0.000102805,5.001335621,-1.43194E-08,-7.95963E-09,9.70643E-09,-4.42642E-09,-7.95963E-09,-1.36128E-08,-3.01313E-09,-2.13858E-08,-7.8713E-09
0.000102905,5.000282764,-1.29061E-08,6.87986E-09,-1.07862E-08,-2.30649E-09,-1.36128E-08,1.11197E-08,-5.8397E-09,-8.93206E-10,-3.54311E-09
0.000103005,5.001335621,-2.27991E-08,-2.30649E-09,5.20078E-10,-3.01313E-09,-2.35058E-08,-1.7146E-08,-1.59985E-09,-2.42124E-08,-1.17578E-08
0.000103105,4.535603523,6.55311E-08,6.12913E-08,7.40109E-08,6.90644E-08,6.48245E-08,6.9771E-08,5.84647E-08,8.60238E-08,6.86227E-08
0.000103205,4.046707153,1.55981E-07,1.62341E-07,1.56688E-07,1.39729E-07,1.54568E-07,1.54568E-07,1.53861E-07,1.76474E-07,1.56776E-07
0.000103305,3.561320782,2.52085E-07,2.39365E-07,2.34419E-07,2.45725E-07,2.51378E-07,2.20286E-07,2.22406E-07,2.33712E-07,2.37422E-07
0.000103405,3.07102108,2.98723E-07,2.83177E-07,3.17802E-07,2.8671E-07,2.74697E-07,2.8459E-07,2.78937E-07,3.07909E-07,2.91568E-07
0.000103505,2.582124949,3.39002E-07,3.31229E-07,2.95896E-07,3.39708E-07,3.31935E-07,3.36882E-07,3.20629E-07,3.24162E-07,3.2743E-07
0.000103605,2.090772152,3.43948E-07,3.50308E-07,3.39708E-07,3.41122E-07,3.36882E-07,3.48895E-07,3.73627E-07,3.32642E-07,3.45891E-07
0.000103705,1.602227092,3.65147E-07,3.76454E-07,3.52428E-07,3.58788E-07,3.55961E-07,3.66561E-07,3.51721E-07,3.51721E-07,3.59848E-07
0.000103805,1.113682032,3.68681E-07,3.61614E-07,3.58788E-07,3.55254E-07,3.63734E-07,3.7292E-07,3.68681E-07,3.65147E-07,3.64352E-07
0.000103905,0.624083996,3.64441E-07,3.65854E-07,3.67974E-07,3.69387E-07,3.814E-07,3.71507E-07,3.8352E-07,3.8988E-07,3.74245E-07
0.000104005,0.134837002,3.73627E-07,3.7716E-07,3.65147E-07,3.88467E-07,3.84933E-07,3.63734E-07,3.96946E-07,3.60201E-07,3.76277E-07
0.000104105,0.107461631,3.17802E-07,3.28402E-07,3.21336E-07,3.10029E-07,3.12856E-07,3.0367E-07,3.27695E-07,3.22749E-07,3.18067E-07
0.000104205,0.107461631,2.23819E-07,2.19579E-07,2.23112E-07,2.23819E-07,2.01206E-07,2.16046E-07,2.03326E-07,2.20992E-07,2.16488E-07
0.000104305,0.107110664,1.48915E-07,1.24889E-07,1.34075E-07,1.44675E-07,1.31249E-07,1.55275E-07,1.48208E-07,1.53155E-07,1.42555E-07
0.000104405,0.105004862,1.02277E-07,7.11843E-08,8.88503E-08,7.68374E-08,9.16769E-08,1.05103E-07,7.47175E-08,9.66234E-08,8.84087E-08
0.000104505,0.104653895,6.34112E-08,5.63448E-08,4.43319E-08,5.35182E-08,7.61308E-08,6.41179E-08,6.69444E-08,7.9664E-08,6.30579E-08
0.000104605,0.104653895,3.65588E-08,3.0199E-08,3.37323E-08,4.07987E-08,4.50385E-08,3.58522E-08,3.79721E-08,2.45459E-08,3.55872E-08
0.000104705,0.105355829,1.04131E-08,1.11197E-08,4.57452E-08,2.03061E-08,1.46529E-08,3.16123E-08,6.87986E-09,2.52526E-08,2.07477E-08
0.000104805,0.105004862,1.53596E-08,1.22672E-09,-1.07862E-08,-1.59985E-09,-1.14928E-08,1.04131E-08,-8.66627E-09,1.04131E-08,6.08409E-10
0.000104905,0.105355829,1.46529E-08,-1.59985E-09,-1.43194E-08,1.93336E-09,1.95994E-08,1.88928E-08,-1.86564E-10,2.38393E-08,7.85149E-09
0.000105005,0.103951968,-1.57327E-08,5.46657E-09,-5.8397E-09,-1.59985E-09,-4.42642E-09,-1.43194E-08,-8.66627E-09,9.70643E-09,-4.42642E-09
0.000105105,0.105004862,-1.07862E-08,1.88928E-08,6.87986E-09,1.39463E-08,6.17322E-09,-1.86564E-10,1.32396E-08,-1.7146E-08,3.87663E-09
0.000105205,0.103951968,-7.25298E-09,4.75993E-09,-1.86564E-10,-7.25298E-09,3.16123E-08,-3.01313E-09,1.67728E-08,-5.13306E-09,3.7883E-09
0.000105305,0.102899067,1.18264E-08,6.17322E-09,2.10127E-08,-1.29061E-08,-2.06792E-08,1.60662E-08,1.67728E-08,-1.5026E-08,2.90499E-09
0.000105405,0.104653895,1.74795E-08,-1.00796E-08,-5.8397E-09,1.60662E-08,4.75993E-09,5.46657E-09,-8.66627E-09,-1.00796E-08,1.13839E-09
0.000105505,0.104302935,2.64E-09,-1.59985E-09,-6.54634E-09,9.70643E-09,-1.29061E-08,1.93336E-09,5.46657E-09,1.95994E-08,2.28668E-09
0.000105605,0.103601001,-1.57327E-08,4.05329E-09,5.20078E-10,-2.98655E-08,-1.5026E-08,-1.43194E-08,-5.8397E-09,-9.37291E-09,-1.06979E-08
0.000105705,0.105004862,1.93336E-09,-1.57327E-08,-1.21995E-08,-8.93206E-10,-6.54634E-09,1.95994E-08,-1.29061E-08,9.70643E-09,-2.12983E-09
0.000105805,0.105706796,-8.66627E-09,-2.13858E-08,1.11197E-08,-4.42642E-09,-2.30649E-09,-5.8397E-09,3.34665E-09,1.74795E-08,-1.33486E-09
0.000105905,0.106057763,-1.29061E-08,-1.78526E-08,-5.13306E-09,-5.8397E-09,4.75993E-09,-1.00796E-08,7.5865E-09,-8.93206E-10,-5.04473E-09
0.000106005,0.103601001,-2.13858E-08,9.70643E-09,-1.59985E-09,-4.42642E-09,2.94924E-08,-3.71977E-09,-1.92659E-08,-8.93206E-10,-1.51152E-09
0.000106105,0.106057763,-7.95963E-09,-2.20925E-08,-6.54634E-09,-3.12788E-08,9.70643E-09,-1.07862E-08,-5.13306E-09,-1.43194E-08,-1.10512E-08
0.000106205,0.105355829,-1.86564E-10,2.64E-09,1.11197E-08,-5.13306E-09,-1.43194E-08,6.17322E-09,1.93336E-09,-1.85593E-08,-2.0415E-09
0.000106305,0.10640873,-4.42642E-09,1.18264E-08,-8.93206E-10,-5.8397E-09,-3.71977E-09,-5.13306E-09,1.93336E-09,5.46657E-09,-9.82335E-11
0.000106405,0.103951968,1.53596E-08,-3.71977E-09,-3.71977E-09,-1.00796E-08,-8.93206E-10,-7.25298E-09,5.20078E-10,1.93336E-09,-9.81536E-10
0.000106505,0.103250034,-4.42642E-09,-9.37291E-09,1.22672E-09,5.20078E-10,-2.06792E-08,-5.13306E-09,-8.66627E-09,7.5865E-09,-4.86807E-09
0.000106605,0.106057763,-1.5026E-08,-1.00796E-08,3.34665E-09,-1.36128E-08,-3.01313E-09,-5.13306E-09,8.99978E-09,-6.54634E-09,-5.13306E-09
0.000106705,0.1025481,-9.37291E-09,-5.8397E-09,-2.84522E-08,-1.7146E-08,1.93336E-09,9.70643E-09,-9.37291E-09,-9.37291E-09,-8.48961E-09
0.000106805,0.103250034,-1.21995E-08,-2.27991E-08,1.67728E-08,-6.54634E-09,-2.91589E-08,-2.30649E-09,-8.66627E-09,-1.59985E-09,-8.31295E-09
0.000106905,0.103951968,-9.37291E-09,-1.43194E-08,-1.59985E-09,1.88928E-08,-5.13306E-09,-5.13306E-09,-1.21995E-08,1.46529E-08,-1.77651E-09
0.000107005,0.104653895,9.70643E-09,5.46657E-09,1.32396E-08,-2.06792E-08,-2.42124E-08,-1.07862E-08,1.95994E-08,-4.42642E-09,-1.51152E-09
0.000107105,0.103951968,9.70643E-09,-1.57327E-08,-7.25298E-09,1.67728E-08,-1.14928E-08,-1.07862E-08,5.20078E-10,1.88928E-08,7.84269E-11
0.000107205,0.102899067,-2.91589E-08,-5.13306E-09,-8.93206E-10,-8.66627E-09,-3.01313E-09,-2.30649E-09,1.60662E-08,-7.25298E-09,-5.04473E-09
0.000107305,0.102197133,-2.13858E-08,1.39463E-08,6.87986E-09,-1.21995E-08,4.05329E-09,1.22672E-09,7.5865E-09,2.64E-09,3.43418E-10
0.000107405,0.103951968,-8.66627E-09,1.53596E-08,6.17322E-09,7.5865E-09,5.20078E-10,-5.8397E-09,5.20078E-10,-4.42642E-09,1.40338E-09
0.000107505,0.104653895,-8.93206E-10,5.46657E-09,-2.30649E-09,2.64E-09,1.04131E-08,-5.13306E-09,1.22672E-09,-7.25298E-09,5.20078E-10
0.000107605,0.103951968,1.53596E-08,2.31326E-08,6.87986E-09,-1.64393E-08,2.80791E-08,2.64E-09,-7.25298E-09,8.99978E-09,7.67483E-09
0.000107705,0.103601001,-3.71977E-09,-1.5026E-08,2.64E-09,6.17322E-09,1.93336E-09,1.22672E-09,-2.42124E-08,6.87986E-09,-3.01313E-09
0.000107805,0.103601001,-6.54634E-09,-1.36128E-08,-1.57327E-08,-3.71977E-09,1.32396E-08,-5.13306E-09,-2.30649E-09,1.39463E-08,-2.48315E-09
0.000107905,0.101846166,-1.59985E-09,-1.29061E-08,-2.06792E-08,-1.36128E-08,3.34665E-09,5.20078E-10,-1.29061E-08,5.46657E-09,-6.54634E-09
0.000108005,0.104653895,5.20078E-10,-1.59985E-09,-9.37291E-09,-1.07862E-08,-4.42642E-09,-5.13306E-09,7.5865E-09,-6.54634E-09,-3.71977E-09
0.000108105,0.105004862,-8.93206E-10,5.46657E-09,-1.00796E-08,-1.07862E-08,-2.30649E-09,-1.14928E-08,1.81861E-08,-9.37291E-09,-2.65981E-09
0.000108205,0.103951968,-1.00796E-08,1.46529E-08,-7.25298E-09,-4.42642E-09,1.11197E-08,-2.06792E-08,8.99978E-09,-1.92659E-08,-3.36645E-09
0.000108305,0.104653895,-1.43194E-08,-3.71977E-09,-1.29061E-08,6.87986E-09,-2.84522E-08,-2.30649E-09,-6.54634E-09,4.05329E-09,-7.16465E-09
0.000108405,0.103601001,1.11197E-08,-7.25298E-09,-5.13306E-09,1.74795E-08,-7.95963E-09,5.20078E-10,-2.20925E-08,-9.37291E-09,-2.83647E-09
0.000108505,0.104302935,-1.43194E-08,-2.56257E-08,-2.30649E-09,4.75993E-09,-3.55187E-08,1.95994E-08,-4.42642E-09,-2.06792E-08,-9.81456E-09
0.000108605,0.105004862,-3.01313E-09,-7.25298E-09,-2.30649E-09,4.75993E-09,2.64E-09,8.99978E-09,-1.5026E-08,1.2533E-08,1.66757E-10
0.000108705,0.105355829,-5.13306E-09,1.18264E-08,9.70643E-09,-3.71977E-09,-8.93206E-10,-1.86564E-10,-9.37291E-09,-1.78526E-08,-1.95317E-09
0.000108805,0.104302935,1.18264E-08,-1.86564E-10,9.70643E-09,-7.25298E-09,-9.37291E-09,-4.42642E-09,-1.29061E-08,1.04131E-08,-2.74894E-10
0.000108905,0.103250034,1.32396E-08,-7.95963E-09,-1.07862E-08,-2.30649E-09,-1.00796E-08,1.22672E-09,-5.8397E-09,2.64E-09,-2.48315E-09
0.000109005,0.103250034,-2.06792E-08,-1.57327E-08,-1.64393E-08,2.64E-09,6.87986E-09,4.05329E-09,1.46529E-08,8.29314E-09,-2.0415E-09
0.000109105,0.103951968,-2.77456E-08,2.64E-09,8.29314E-09,-1.59985E-09,1.93336E-09,-1.59985E-09,-7.95963E-09,-2.27991E-08,-6.10469E-09
0.000109205,0.102899067,-1.07862E-08,-1.00796E-08,-3.01313E-09,-1.14928E-08,-2.30649E-09,-1.00796E-08,-8.93206E-10,-3.71977E-09,-6.54634E-09
0.000109305,0.102899067,-2.63323E-08,-1.43194E-08,1.93336E-09,5.20078E-10,-2.56257E-08,-7.95963E-09,-6.54634E-09,1.22672E-09,-9.6379E-09
0.000109405,0.101846166,7.5865E-09,-3.71977E-09,-1.86564E-10,6.87986E-09,4.05329E-09,-1.14928E-08,5.46657E-09,-2.20925E-08,-1.68818E-09
0.000109505,0.105706796,-6.54634E-09,1.04131E-08,-8.66627E-09,4.05329E-09,1.39463E-08,-1.5026E-08,1.88928E-08,-7.95963E-09,1.13839E-09
0.000109605,0.105004862,-8.93206E-10,-1.64393E-08,-1.36128E-08,4.75993E-09,8.99978E-09,-3.71977E-09,-4.42642E-09,1.95994E-08,-7.16545E-10
0.000109705,0.103951968,-2.30649E-09,6.87986E-09,-2.4919E-08,-5.8397E-09,-2.30649E-09,7.5865E-09,1.93336E-09,5.46657E-09,-1.68818E-09
0.000109805,0.103250034,-2.7039E-08,1.04131E-08,2.64E-09,-3.19855E-08,-4.42642E-09,-1.21995E-08,3.34665E-09,-4.42642E-09,-7.95963E-09
0.000109905,0.102899067,1.22672E-09,1.22672E-09,4.75993E-09,-1.64393E-08,-1.78526E-08,-3.01313E-09,6.17322E-09,4.05329E-09,-2.48315E-09
